TimeUTC,timestampInMs,requestPath,requestMethod,requestQueryString,responseStatusCode,requestId,requestUserAgent,level,environment,branch,vercelCache,type,function,host,deploymentDomain,deploymentId,durationMs,region,maxMemoryUsed,memorySize,message,projectId,traceId,sessionId,invocationId,instanceId,concurrency
2026-02-19 23:31:11,1771543871350,xlab-3d-render-mcp-app.vercel.app/mcp,POST,,404,ctbk7-1771543871350-b8d58d76907c,node,,production,,MISS,function,/api/mcp,xlab-3d-render-mcp-app.vercel.app,xlab-3d-render-mcp-6n6te6b1c-djottaroots-projects.vercel.app,dpl_947krgesFibf15oJQFainHzD6o9M,11,iad1,279,2048,,prj_JuENJCNi4uPAq3vuxOd01C8IubUi,,,01KHW3WG1418HSY20AJ607ZJEH,WSJ1KXf8MoRo,1
2026-02-19 23:31:08,1771543868173,xlab-3d-render-mcp-app.vercel.app/mcp,POST,,404,wdtvd-1771543868173-cb2e4bce2099,node,,production,,MISS,function,/api/mcp,xlab-3d-render-mcp-app.vercel.app,xlab-3d-render-mcp-6n6te6b1c-djottaroots-projects.vercel.app,dpl_947krgesFibf15oJQFainHzD6o9M,16,iad1,279,2048,,prj_JuENJCNi4uPAq3vuxOd01C8IubUi,,,01KHW3WCXRB9C698QFJY0C602V,WSJ1KXf8MoRo,1
2026-02-19 23:31:03,1771543863072,xlab-3d-render-mcp-app.vercel.app/mcp,POST,,404,dvlqg-1771543863072-47c5fe3ebc02,node,,production,,MISS,function,/api/mcp,xlab-3d-render-mcp-app.vercel.app,xlab-3d-render-mcp-6n6te6b1c-djottaroots-projects.vercel.app,dpl_947krgesFibf15oJQFainHzD6o9M,11,iad1,279,2048,,prj_JuENJCNi4uPAq3vuxOd01C8IubUi,,,01KHW3W7YRW54C219W4EF2PRR5,WSJ1KXf8MoRo,1
2026-02-19 23:31:02,1771543862174,xlab-3d-render-mcp-app.vercel.app/mcp,POST,,404,hq295-1771543862174-7094f92c8d79,node,,production,,MISS,function,/api/mcp,xlab-3d-render-mcp-app.vercel.app,xlab-3d-render-mcp-6n6te6b1c-djottaroots-projects.vercel.app,dpl_947krgesFibf15oJQFainHzD6o9M,13,iad1,280,2048,,prj_JuENJCNi4uPAq3vuxOd01C8IubUi,,,01KHW3W72PNV9E003PGPP6XG2R,WSJ1KXf8MoRo,1
2026-02-19 23:30:59,1771543859339,xlab-3d-render-mcp-app.vercel.app/mcp,POST,,404,tkvcg-1771543859339-730b88068e79,node,,production,,MISS,function,/api/mcp,xlab-3d-render-mcp-app.vercel.app,xlab-3d-render-mcp-6n6te6b1c-djottaroots-projects.vercel.app,dpl_947krgesFibf15oJQFainHzD6o9M,33,iad1,280,2048,,prj_JuENJCNi4uPAq3vuxOd01C8IubUi,,,01KHW3W4HD4DCVYNC06KXTKY79,WSJ1KXf8MoRo,1
2026-02-19 23:29:45,1771543785575,xlab-3d-render-mcp-6n6te6b1c-djottaroots-projects.vercel.app/favicon.png,GET,,404,k7mkc-1771543785575-071545fc333d,vercel-favicon/1.0,,production,,,static,/404.html,xlab-3d-render-mcp-6n6te6b1c-djottaroots-projects.vercel.app,xlab-3d-render-mcp-6n6te6b1c-djottaroots-projects.vercel.app,dpl_947krgesFibf15oJQFainHzD6o9M,2,sfo1,,,,prj_JuENJCNi4uPAq3vuxOd01C8IubUi,,,,,
2026-02-19 23:29:45,1771543785568,xlab-3d-render-mcp-6n6te6b1c-djottaroots-projects.vercel.app/favicon.ico,GET,,404,k7mkc-1771543785568-80819618039d,vercel-favicon/1.0,,production,,,static,/404.html,xlab-3d-render-mcp-6n6te6b1c-djottaroots-projects.vercel.app,xlab-3d-render-mcp-6n6te6b1c-djottaroots-projects.vercel.app,dpl_947krgesFibf15oJQFainHzD6o9M,4,sfo1,,,,prj_JuENJCNi4uPAq3vuxOd01C8IubUi,,,,,
2026-02-19 23:29:45,1771543785265,xlab-3d-render-mcp-6n6te6b1c-djottaroots-projects.vercel.app/,GET,,404,s6gpr-1771543785265-ae3c27a00f19,vercel-favicon/1.0,,production,,,static,/404.html,xlab-3d-render-mcp-6n6te6b1c-djottaroots-projects.vercel.app,xlab-3d-render-mcp-6n6te6b1c-djottaroots-projects.vercel.app,dpl_947krgesFibf15oJQFainHzD6o9M,219,sfo1,,,,prj_JuENJCNi4uPAq3vuxOd01C8IubUi,,,,,
2026-02-19 23:29:04,1771543744037,xlab-3d-render-mcp-6n6te6b1c-djottaroots-projects.vercel.app/favicon.ico,GET,,404,lsd4n-1771543744037-42e751f75dca,vercel-screenshot/1.0,,production,,,static,/404.html,xlab-3d-render-mcp-6n6te6b1c-djottaroots-projects.vercel.app,xlab-3d-render-mcp-6n6te6b1c-djottaroots-projects.vercel.app,dpl_947krgesFibf15oJQFainHzD6o9M,12,sfo1,,,,prj_JuENJCNi4uPAq3vuxOd01C8IubUi,,,,,
2026-02-19 23:29:03,1771543743966,xlab-3d-render-mcp-6n6te6b1c-djottaroots-projects.vercel.app/favicon.ico,GET,,404,fqtdg-1771543743966-c611579ed7f5,vercel-screenshot/1.0,,production,,,static,/404.html,xlab-3d-render-mcp-6n6te6b1c-djottaroots-projects.vercel.app,xlab-3d-render-mcp-6n6te6b1c-djottaroots-projects.vercel.app,dpl_947krgesFibf15oJQFainHzD6o9M,119,sfo1,,,,prj_JuENJCNi4uPAq3vuxOd01C8IubUi,,,,,
2026-02-19 23:29:03,1771543743926,xlab-3d-render-mcp-6n6te6b1c-djottaroots-projects.vercel.app/,GET,,404,ng5n2-1771543743926-3cbd3342cc27,vercel-screenshot/1.0,,production,,,static,/404.html,xlab-3d-render-mcp-6n6te6b1c-djottaroots-projects.vercel.app,xlab-3d-render-mcp-6n6te6b1c-djottaroots-projects.vercel.app,dpl_947krgesFibf15oJQFainHzD6o9M,4,sfo1,,,,prj_JuENJCNi4uPAq3vuxOd01C8IubUi,,,,,
2026-02-19 23:29:03,1771543743909,xlab-3d-render-mcp-6n6te6b1c-djottaroots-projects.vercel.app/,GET,,404,sctph-1771543743909-4962df03a810,vercel-screenshot/1.0,,production,,,static,/404.html,xlab-3d-render-mcp-6n6te6b1c-djottaroots-projects.vercel.app,xlab-3d-render-mcp-6n6te6b1c-djottaroots-projects.vercel.app,dpl_947krgesFibf15oJQFainHzD6o9M,99,sfo1,,,,prj_JuENJCNi4uPAq3vuxOd01C8IubUi,,,,,
2026-02-19 23:29:03,1771543743639,xlab-3d-render-mcp-6n6te6b1c-djottaroots-projects.vercel.app/,GET,,404,x9nwv-1771543743639-9cf49fc0cfae,vercel-screenshot/1.0,,production,,,static,/404.html,xlab-3d-render-mcp-6n6te6b1c-djottaroots-projects.vercel.app,xlab-3d-render-mcp-6n6te6b1c-djottaroots-projects.vercel.app,dpl_947krgesFibf15oJQFainHzD6o9M,204,sfo1,,,,prj_JuENJCNi4uPAq3vuxOd01C8IubUi,,,,,
2026-02-19 23:29:03,1771543743606,xlab-3d-render-mcp-6n6te6b1c-djottaroots-projects.vercel.app/,GET,,404,gj6l7-1771543743606-7571539ab6c4,vercel-screenshot/1.0,,production,,,static,/404.html,xlab-3d-render-mcp-6n6te6b1c-djottaroots-projects.vercel.app,xlab-3d-render-mcp-6n6te6b1c-djottaroots-projects.vercel.app,dpl_947krgesFibf15oJQFainHzD6o9M,236,sfo1,,,,prj_JuENJCNi4uPAq3vuxOd01C8IubUi,,,,,
